{
  "mainAssemblyName": "ChromeExtensionGetWhatsAppGroupMembers",
  "resources": {
    "hash": "sha256-Ij/cEEzYUnxNRVdaSLbMQgya5YjbBkxXtNqSRdBjQyk=",
    "jsModuleNative": {
      "dotnet.native.js": "sha256-pQdXuxfVeqYHOwd5HUM2ERd7OnXirj9JTF37b6OdTAc="
    },
    "jsModuleRuntime": {
      "dotnet.runtime.js": "sha256-Isv/63htfX73xgn3/2cZMtk4S8xBcbmlXRgJMDv4mhI="
    },
    "wasmNative": {
      "dotnet.native.wasm": "sha256-6fprjjfQGsopiMetOMnTFT7N83KgQiUia8r8F1s/HUI="
    },
    "icu": {
      "icudt_CJK.dat": "sha256-SZLtQnRc0JkwqHab0VUVP7T3uBPSeYzxzDnpxPpUnHk=",
      "icudt_EFIGS.dat": "sha256-8fItetYY8kQ0ww6oxwTLiT3oXlBwHKumbeP2pRF4yTc=",
      "icudt_no_CJK.dat": "sha256-L7sV7NEYP37/Qr2FPCePo5cJqRgTXRwGHuwF5Q+0Nfs="
    },
    "coreAssembly": {
      "System.Runtime.InteropServices.JavaScript.wasm": "sha256-5DgLlhFP9x8OK2sB6I6CzoW9I6c1oq3KPNEiPaTgfSE=",
      "System.Private.CoreLib.wasm": "sha256-gZ4N2viBl8UaZNFjyUL6/MRwpaGRuF+3crosHiLx2EA="
    },
    "assembly": {
      "Blazor.BrowserExtension.wasm": "sha256-x6AH+eF964c+Fm8PZ7KCuizTbB53dOppaDIYcIfUie4=",
      "JsBind.Net.wasm": "sha256-4R9yP5jF4kp/8BsEj8c01U+i3ePp02lTV76vF7pdKjg=",
      "JsBind.Net.Extensions.DependencyInjection.wasm": "sha256-XlsOpFmZdXW0tocTH4AJgWZlySqEXmZbLLvuYKrf4ns=",
      "Microsoft.AspNetCore.Authorization.wasm": "sha256-h2pKkq57/vS3mbEFyiqoupHb66C30OMHzjlzDqfbD40=",
      "Microsoft.AspNetCore.Components.wasm": "sha256-6X0P9WizrWIhvvQG4Dceipzc7UdF1QjvXKoTLrIrvkQ=",
      "Microsoft.AspNetCore.Components.Forms.wasm": "sha256-cp3828JD1TdnmZ6g3GEfXKayNKd2ljfibH3wdg6t3n0=",
      "Microsoft.AspNetCore.Components.Web.wasm": "sha256-+uXtoXpMFQKIFs1SOag/WdIbA4G4Q4eGRRGFCiXIBdU=",
      "Microsoft.AspNetCore.Components.WebAssembly.wasm": "sha256-tChPBLUd3b2CpuaUBQ2hV/OoJbb5XPFpVtYTXo46Y+o=",
      "Microsoft.AspNetCore.Metadata.wasm": "sha256-2HidT0I32ow5YfrM4vAJvUicfg2Vo4Eoi+DptVHr868=",
      "Microsoft.Extensions.Configuration.wasm": "sha256-0+9f7KUt7EiUlYtUes59HkDRvApZYrmtIXGYxCLzedw=",
      "Microsoft.Extensions.Configuration.Abstractions.wasm": "sha256-mjL5HgHF+Cdm3ucrD6EN+wSQD8HioaniVQtthpAQYSc=",
      "Microsoft.Extensions.Configuration.Binder.wasm": "sha256-d2m6d3omvAahzcHL3zC2w13VYR+3KnIqvZ0XljyLQ7U=",
      "Microsoft.Extensions.Configuration.FileExtensions.wasm": "sha256-SLUX613Faf3h+89DtEjMhEPQuTCYpIeP01yxJqPtat8=",
      "Microsoft.Extensions.Configuration.Json.wasm": "sha256-BS9j7ySwg+tF6JWEwBlXKkHexM4FMzuzCvSI1M6DPWc=",
      "Microsoft.Extensions.DependencyInjection.wasm": "sha256-jvaipHw61+4HriYJufCdZBXJB/gIRUpw/Fbdei1E6uI=",
      "Microsoft.Extensions.DependencyInjection.Abstractions.wasm": "sha256-Ob5mJm5+xBW1boS+gCn51SZeE8WX1De0hKqTqDVOYp8=",
      "Microsoft.Extensions.FileProviders.Abstractions.wasm": "sha256-x/CuPEnQghJZjvCoNM5EeSCbJmL15vo69CKIuDOZFPE=",
      "Microsoft.Extensions.FileProviders.Physical.wasm": "sha256-tzn/o5v06hK2rtONV2cONytvI9iIwXkV/v+YzhNfgFs=",
      "Microsoft.Extensions.FileSystemGlobbing.wasm": "sha256-r41/JeKa5jEf6LWlsMhzQi8XEzGTVv3gpBIzZ5gmb9k=",
      "Microsoft.Extensions.Logging.wasm": "sha256-j9i4Xe9suFGLFqWXzJGAeHxExSzCNS9FtfYHXVpTfHQ=",
      "Microsoft.Extensions.Logging.Abstractions.wasm": "sha256-5MnhuLW3xfcFQsozdjut5urShGXYw6iwlOrJurBV+Y4=",
      "Microsoft.Extensions.Options.wasm": "sha256-BBTw+Wjj2UjzIJocSmODJubcSeoE4u6tl7px+blJYuQ=",
      "Microsoft.Extensions.Primitives.wasm": "sha256-Elg5wky4vBTrdLSaUEXuDf9cABTJVOMgNdzYRIjyBF8=",
      "Microsoft.JSInterop.wasm": "sha256-8KHde87s03YXh21jjvaLX0OAjPTeWpKn1jV7kf9GrvM=",
      "Microsoft.JSInterop.WebAssembly.wasm": "sha256-AHeFn5IBMJC1tI8hRNTBa4lyLko5J8AK64JFjeO/vVw=",
      "WebExtensions.Net.wasm": "sha256-NwK9K+bDCHuAbWx1z3r/YFhlNxZ4S2kQyQLd7xTHujo=",
      "WebExtensions.Net.Extensions.DependencyInjection.wasm": "sha256-M3HuhRTFCYEbjLhEnhTzYlcfKfxYx7zJqX/cTmx8Xog=",
      "Microsoft.CSharp.wasm": "sha256-ZobU8ljs7o2k0//qcW3DOp9zcv1I6t4stAKV/382d6E=",
      "Microsoft.VisualBasic.Core.wasm": "sha256-519aGZDGEeHbVlTqdV9i1FWMuqlyXQTc4lkFvXhNfPM=",
      "Microsoft.VisualBasic.wasm": "sha256-57XYMpAQQupspQY/yxfQRTh5Wtw4PTBIFYzP6ERsvkI=",
      "Microsoft.Win32.Primitives.wasm": "sha256-lCJOXI/+Vag+dkaemum/SmiKyRy9aXn9U4+TfCWqxNo=",
      "Microsoft.Win32.Registry.wasm": "sha256-TOrJCOZFAUHMaadZcqQviJk0GWyvDU/fXNxsukPp9h0=",
      "System.AppContext.wasm": "sha256-8XVe71yxQXz37IIQZ5cPRm7QSOYu2f2vKnTwRGMio3E=",
      "System.Buffers.wasm": "sha256-PDaUMubo4zf1ho9tqmwG+1QSjH1Odg2KHrA62044iGM=",
      "System.Collections.Concurrent.wasm": "sha256-77rQwnWeCRTFQi5yWmgC2Wb5ehmuBv4UHWm/NN6azFY=",
      "System.Collections.Immutable.wasm": "sha256-MsTeLXil5EfvNkMMvph6WGgPpCC7TPna0/+cAU0srn0=",
      "System.Collections.NonGeneric.wasm": "sha256-GNt6hFL0XBovluNPxmtQYm8/aiy/TP24bq01XaPzY+c=",
      "System.Collections.Specialized.wasm": "sha256-n8pLm2Gq/XVdJtpt9RzoLlea9/JMBmjqbIH7DakEX5M=",
      "System.Collections.wasm": "sha256-u/COQ1wrFkiF1hSJMNaSyGSVW5f7F1FZ+jauVZzrbB8=",
      "System.ComponentModel.Annotations.wasm": "sha256-P6E/xs/+xyOO+0rj5VsgYW60Y+fossDJ/gSNi0ERZro=",
      "System.ComponentModel.DataAnnotations.wasm": "sha256-O5mN5i4/J7sgYeLb5yyo1b+Xo0YfQk9qx+nzx8QMgaU=",
      "System.ComponentModel.EventBasedAsync.wasm": "sha256-HoMMF4I9CiWc3uUgdm6seeuRCXBhmWoDfIjyfAahHC8=",
      "System.ComponentModel.Primitives.wasm": "sha256-JrggH88B7lpxTEua6VJqMXWyvPneZ37ADXhFg/trpdE=",
      "System.ComponentModel.TypeConverter.wasm": "sha256-sEKlxrTrSPaPy15lA42Bq5GKRpAms0GpPmZ8ISTX6ho=",
      "System.ComponentModel.wasm": "sha256-6F/asPTVf9oy4iapsMkJ6sEeI790QVjVNi3TgMKntL4=",
      "System.Configuration.wasm": "sha256-gq+14bovZQR/lezLZwXJLHaWeYz+40ZWmUc8dmWxAUc=",
      "System.Console.wasm": "sha256-1+cJmeqiZePO8QEXh9/mIojDchHJ+eqiwfdfFRZPXeE=",
      "System.Core.wasm": "sha256-lYvLMlMA37TdZzlnQ1qH+I8JBgHHaZVJskEN/y9KcP0=",
      "System.Data.Common.wasm": "sha256-bflduIlEuKUk3srgBpKfJu+5bELs1HzQ6FVHJgyoBGs=",
      "System.Data.DataSetExtensions.wasm": "sha256-Ci9Zm3Ct5ZpcX1EKLA4gYbVNNFWlPtLUCUzxZeqj43w=",
      "System.Data.wasm": "sha256-/vwizPV+X0OdoyDssdDC9oS1CwEN1foMHdxP6BPfJvw=",
      "System.Diagnostics.Contracts.wasm": "sha256-WEry28MPImvpC21gHCjN3nVYIfGAiB31zOOQ2a+D0ZA=",
      "System.Diagnostics.Debug.wasm": "sha256-GL3jypU1zQCU7AmwFreHhDJaiCvNehiweNdltu2jo+Y=",
      "System.Diagnostics.DiagnosticSource.wasm": "sha256-L35y9h+d0oewwQWD2fj3G8l1pLnFbiHixmkastE5N20=",
      "System.Diagnostics.FileVersionInfo.wasm": "sha256-NIy0xMtBDcjORu4GvC8t4ovdhVWzkyw4lGr+hVSl390=",
      "System.Diagnostics.Process.wasm": "sha256-GW71YC9qwiYGVhUpCwsgbj6mu8+m6rzCoHEtg6prIwU=",
      "System.Diagnostics.StackTrace.wasm": "sha256-Lltmn5qUWHAC6cge877DSip0zFSpev9NQDLUSsfDXBM=",
      "System.Diagnostics.TextWriterTraceListener.wasm": "sha256-BBTQmnR0iPuCkAFZwuUyOe1RAqIQEsN5igPPY5KxTcE=",
      "System.Diagnostics.Tools.wasm": "sha256-lN5z1oVQhNTiBEysaWa1MD9Y4JdcVqBV/fBCv7J2+mM=",
      "System.Diagnostics.TraceSource.wasm": "sha256-MI3x9DNVw4gmKsmfwCk5ZiID6fGLOWh6oxusFlGDfGM=",
      "System.Diagnostics.Tracing.wasm": "sha256-T5rFNEGtnz0kRBWkJGiYl4y02PtC+EylltATPrReeh0=",
      "System.Drawing.Primitives.wasm": "sha256-hc0+3mR8nLXQp0z0mO0E+oBm5wbAecQnGPw08rXdXkA=",
      "System.Drawing.wasm": "sha256-sSbEGBn+Y4xGIZIMHmFFaZpnlMokNCd+w8hGT9uip0I=",
      "System.Dynamic.Runtime.wasm": "sha256-5OrfrtnWe8KI9dApvD2Ps08i6kICdydLpEI7wwaUmnU=",
      "System.Formats.Asn1.wasm": "sha256-Ey05wPhufO5azIa2As+2ws7YundO2HvUAsCPLBtDWPc=",
      "System.Formats.Tar.wasm": "sha256-NnL6I/xHocCtKMWkOvRnVkZ/UduD2G150D6Sz5ae4E8=",
      "System.Globalization.Calendars.wasm": "sha256-E48Z0/IsHDO6aPFVaO2YnC8xJr3Py0IvmnAfyBUV2k8=",
      "System.Globalization.Extensions.wasm": "sha256-reQflMocO3V1Ltf1FlF7pFIvJfKmUn1VZmYZv1hnW+I=",
      "System.Globalization.wasm": "sha256-npjir2hPVYpBGpsgE/BhcThSV1Tyo8YNHVUY9igY6gs=",
      "System.IO.Compression.Brotli.wasm": "sha256-GVgSA3ok99cRrD+rezthSWRBd2wH4dZt/nFWDfdGnZM=",
      "System.IO.Compression.FileSystem.wasm": "sha256-puh1/x2No7eQ65fbAR2yvjyVSy+Qp57Bu27eMZHOFlM=",
      "System.IO.Compression.ZipFile.wasm": "sha256-2f+JsVqcDKdTv6OF3Rzu1WkiKK/rOxd9OajM2eNOehw=",
      "System.IO.Compression.wasm": "sha256-C/PIUtGmz2QsYGSdABrIHZasE3xWNLouSW/yTkewCRU=",
      "System.IO.FileSystem.AccessControl.wasm": "sha256-391Djjkr94OajU2Dn01NWQJaXCVYciJXGr/iJG/DoJs=",
      "System.IO.FileSystem.DriveInfo.wasm": "sha256-sHm1tWz6Ley82XyrbSPhcH1Sjmb/QvPVLI2inJrSzM8=",
      "System.IO.FileSystem.Primitives.wasm": "sha256-Umzpwc86fDUm9RqEfyrx1wQqWA1J6PMHs3o78EGf7sU=",
      "System.IO.FileSystem.Watcher.wasm": "sha256-lTwyQW/T2NHfwZq792Lmk1fO+ufcddtqj/3dljQfDd0=",
      "System.IO.FileSystem.wasm": "sha256-hU6EEcQvQN7oLWDs9M+WaviMdg8H0peH2VzHGk7vP44=",
      "System.IO.IsolatedStorage.wasm": "sha256-bB+0HP3HMB8i6RysLnZLlAExXc3luNO8fXjb1XcyWQA=",
      "System.IO.MemoryMappedFiles.wasm": "sha256-wzEEKIXjvdxPByWQ+k9B1YmJVJoRGTA5IY2NtNs3luI=",
      "System.IO.Pipelines.wasm": "sha256-s6CTQ5kgRu/BeCrLjaM6FqOgl28oFMKvkAcZ4TkydTg=",
      "System.IO.Pipes.AccessControl.wasm": "sha256-++pfRKJbdqUnBvRYdExiVMHThHgJhNMNwV7POkOXQWE=",
      "System.IO.Pipes.wasm": "sha256-8GWXVjzOU/ltqs768MfUO0ckA2+AoaLFVzYK+e5Pr8A=",
      "System.IO.UnmanagedMemoryStream.wasm": "sha256-/5JeXK4WZM2x82zw/Ng2SwtdvrVpM0hoI3An74eTKy0=",
      "System.IO.wasm": "sha256-CSRlF3MoxlQdUKj+O1yeTVrsdSndWA1KdiwePzq1uSY=",
      "System.Linq.Expressions.wasm": "sha256-lyUylcBt35Nz5kxMLqWGG1Tcu7pH8BZuP0EXy8dCyr4=",
      "System.Linq.Parallel.wasm": "sha256-OawcscKTPIhlkFan2jiv90LXhMSFfKy9LbzPNvsllqs=",
      "System.Linq.Queryable.wasm": "sha256-HaQnSYabnV3P6XpHlb4g2qoczU/MrMNKCiy9F5ZS7YE=",
      "System.Linq.wasm": "sha256-CXFDX5hqH/sqYnRdcYyNH+bXudaKfD8jp7Q7Wo3IFbU=",
      "System.Memory.wasm": "sha256-nIwoxvQinoeqZ+bqwJyl76Uyx1hqatgUN7EGQOF2wB4=",
      "System.Net.Http.Json.wasm": "sha256-tCABu3S3avGdWR0f4wOD2HUUd3H2psHr53/pm4PKT2s=",
      "System.Net.Http.wasm": "sha256-84bqDlavhceGO6libmBgrxRAB4i50aEajzNl9+XfQug=",
      "System.Net.HttpListener.wasm": "sha256-MQ3W5fokfgqqg7uuSrT5/3d2w+4+ZPtuB3agC6vLxqQ=",
      "System.Net.Mail.wasm": "sha256-ABdeEvcl6ZQyKJSDXj/dVheGuYG5AiMkmdqEHKeTsBc=",
      "System.Net.NameResolution.wasm": "sha256-gLHWTgLbJa8Rea+h96+jD1J0zTwTt4QXfqiB/dq5+bo=",
      "System.Net.NetworkInformation.wasm": "sha256-9+0n9c26PUPKQIhkf2mvRlsx1bx3XNEBCJhseYQdv3c=",
      "System.Net.Ping.wasm": "sha256-NESgzyiXGrzVR94cuyeIlWJ+rw7TUZwzfl+gRbw1pKM=",
      "System.Net.Primitives.wasm": "sha256-7wW3pxWWcdp2WRnro5jGdtUUU9NwgCRQL4AVCVwlyVg=",
      "System.Net.Quic.wasm": "sha256-MGfTUTt1VlW5i/i9Q0cluet9mA4kjaCySBh3nhxrG1g=",
      "System.Net.Requests.wasm": "sha256-yo26OuvgPQ3eEE6YwLFbhg8lSJs+yOj31c84Gp3hUGE=",
      "System.Net.Security.wasm": "sha256-FizOTIB5pAqxHpK+L0YN00i80vy6iXYJx19NmcdjmdM=",
      "System.Net.ServicePoint.wasm": "sha256-fYxJag18zD7fvpu9ZGBrZzz+RGQxd1nkwx6JYYquPd8=",
      "System.Net.Sockets.wasm": "sha256-I9SHEcSCSpx/IEW5LNEssPmUcs0MH0D9gT3Y15NpgZk=",
      "System.Net.WebClient.wasm": "sha256-J6w4vnwCupPt7nVigCUito0zEXi/cU0kVvDyo3NzO8E=",
      "System.Net.WebHeaderCollection.wasm": "sha256-Csm6HV6XFUdN5oQRrMvy3ADiKW1JvaNWqsqqR3xaY8I=",
      "System.Net.WebProxy.wasm": "sha256-fjEsB9lBO816E0oRBHek31QTDpvJzrNJKoEC7K1NERY=",
      "System.Net.WebSockets.Client.wasm": "sha256-N5vpCgJZE0/J6d78U3lOD/ZBAZNjlfeezITqomsOPZI=",
      "System.Net.WebSockets.wasm": "sha256-Lf45aS89qSEZ2foZ85CJy153yw+RE0eN5OvmvOW1Dag=",
      "System.Net.wasm": "sha256-Vyb6UgGUlW0ka7efykvcf9OjklCSbGTjtPyU/82uiBI=",
      "System.Numerics.Vectors.wasm": "sha256-wAX6N8dP4I8eNI2VKlkylKwyZ3KYFqPnkbRLpg7HRYE=",
      "System.Numerics.wasm": "sha256-enEY5TO5JDkosgL9ju4/7WcuSjS0PeMIwjEQDbCmkxw=",
      "System.ObjectModel.wasm": "sha256-QHgCJZt7UIDeGzAtVHTnAfLxVIJ0rCove8mQXhlcRJ4=",
      "System.Private.DataContractSerialization.wasm": "sha256-7Xqs/VNlfFAF6B8P/akgsQ9B4A0AMhNWn5mB25+OPpU=",
      "System.Private.Uri.wasm": "sha256-KI4+35IkyjiBK9LavNuXn0Cjwuwl8cc5vo4DzGymeBM=",
      "System.Private.Xml.Linq.wasm": "sha256-i97OKzrIAImIJ4Pj2QZQca2fG4p9MWbuV2dL+mSGeRo=",
      "System.Private.Xml.wasm": "sha256-hgPulan/bHtoR36sdTfYvbozju4nmqmiQ3gqXA9cFUw=",
      "System.Reflection.DispatchProxy.wasm": "sha256-cHeKSkqpWWPk66aJvRRPUgzgF41TPBpIG4S2viRfcaI=",
      "System.Reflection.Emit.ILGeneration.wasm": "sha256-YwBr8MyuO9iFnckADO5PpRWYkAcTvendX8e9zjOBVyc=",
      "System.Reflection.Emit.Lightweight.wasm": "sha256-Hcg0jjM1Mto7hsTJxBfciUFFHCNlM2+wko64T5/GLQ8=",
      "System.Reflection.Emit.wasm": "sha256-5enDGwHzA4g++Fq98InksYI2EKhOgOnBNrbfJyVP+Gw=",
      "System.Reflection.Extensions.wasm": "sha256-eobU0KtxGK/npCwB/nm82ORLzODrvDZJYZ5iFu6j7mU=",
      "System.Reflection.Metadata.wasm": "sha256-9sRqVGRrnhZphQoHkY1C8h+P+2MvMNZqdXeKsguQVb8=",
      "System.Reflection.Primitives.wasm": "sha256-n0xNo1LkS36dN4eIh2IOnRZAJtQ60q+GJq2bTB6QTB8=",
      "System.Reflection.TypeExtensions.wasm": "sha256-hA2u6zrvbaw1qz1R3M7QH7mkE29MMnYHGE2SI/Y6ILI=",
      "System.Reflection.wasm": "sha256-pA59IlFSEx3mxspPwg5c6BzBeHyuT0F+I+WEgUtSdjQ=",
      "System.Resources.Reader.wasm": "sha256-7+GgVoLYMEs4vDYWu8vdd7/g5rWlvgCI3syCjSeJpbw=",
      "System.Resources.ResourceManager.wasm": "sha256-hDAYfObVabeqIWS/ukqWrfZyHwL2DPsJyfb2swy07G0=",
      "System.Resources.Writer.wasm": "sha256-moaLIrFwXXIu4UHjq1eNKZABXEvxPzrVIJ19c5SZYUc=",
      "System.Runtime.CompilerServices.Unsafe.wasm": "sha256-JhUaAxvmhhuGo1rgZunpFjz5hON2iFCfX+AbAn0cE5E=",
      "System.Runtime.CompilerServices.VisualC.wasm": "sha256-Q2xYbWXjY/CTo5m8wlUQI7ujqR9zr/tzGuiDWGI2VKI=",
      "System.Runtime.Extensions.wasm": "sha256-mJjPKlH9aRVlBMcdUop56NmZ4NsIwgxNCpi69zhLS8Q=",
      "System.Runtime.Handles.wasm": "sha256-6hFP/PKG5KewMhZGDOUX3KCAo6HAr+Av0VWq0JSLvX4=",
      "System.Runtime.InteropServices.RuntimeInformation.wasm": "sha256-eExaPSIxI8jcifKAop+RJ3bI5RCkU/slZ9BCn596YYw=",
      "System.Runtime.InteropServices.wasm": "sha256-3UyfH4C2mgxD3E9Y/4hcZ11gcHAmwLQJ4b3NUjl4ii0=",
      "System.Runtime.Intrinsics.wasm": "sha256-PVWJfBGD0cfoFEA+uQ0zHgELZ+5yBvxqjH7KZPZecWg=",
      "System.Runtime.Loader.wasm": "sha256-IilRMPORqcr/xeW2k3IpcA7yTCkkbQ8pbns31qI+xW4=",
      "System.Runtime.Numerics.wasm": "sha256-VDMvTfcKGVAriDGwBPrA0hGu2Cz6HIvwKn8eEZ4L6AA=",
      "System.Runtime.Serialization.Formatters.wasm": "sha256-GNcoFW4Y/8E+9mL72mpCdFF++b3gQa+osMNbLUSu/M4=",
      "System.Runtime.Serialization.Json.wasm": "sha256-g1MYKZQkLeziHhIQuFpYJV+ikwzXsYfHkosW0pHSDL8=",
      "System.Runtime.Serialization.Primitives.wasm": "sha256-EDorLfJHxJavHStKxZoRl8n9HiUlp0KOHOUNeExgM8U=",
      "System.Runtime.Serialization.Xml.wasm": "sha256-1GS/baCZD/1bQwZXfCTFZHn0jGBjrKZhHDRS75HwtIk=",
      "System.Runtime.Serialization.wasm": "sha256-JUZ+M1N5f/sBaPc4qybkIB1xpiDvc0SIKx8L3fdMTFg=",
      "System.Runtime.wasm": "sha256-qnRvqBw2Uxnjr21gaVqCBpFg4RCig7DdgnPB6Ub+Dg4=",
      "System.Security.AccessControl.wasm": "sha256-nfEc7/hdphkExawAZZLzV9jl0c+6+DfvD/xvZ/IW988=",
      "System.Security.Claims.wasm": "sha256-QkkxcceVEOewoS53Lx5IWRoMhE/ZPhzv6VPAaWKCAdU=",
      "System.Security.Cryptography.Algorithms.wasm": "sha256-PD+xcb4xflH9TJnX2HKl4mOmLfokWs2vZPgeAvhncQU=",
      "System.Security.Cryptography.Cng.wasm": "sha256-P95wJEQtjR4NGJ/RBYJntu8/gFBlflyeJWLoV2l7rAI=",
      "System.Security.Cryptography.Csp.wasm": "sha256-60v+SVdC2Xn5RCDzc8+yRNIBnm9mU74CsthOry3ipL4=",
      "System.Security.Cryptography.Encoding.wasm": "sha256-QrjSoywlTyba8GRmEBQVZvzPMs6LolvEkTB6vQt67eM=",
      "System.Security.Cryptography.OpenSsl.wasm": "sha256-4L/TFT3qXQDdJ+iGoFQiDorw85gMqPsfsHn4sIPSUeg=",
      "System.Security.Cryptography.Primitives.wasm": "sha256-yAt3D198ceWxBmJbNmGm2vg+TA+pb/SUcgGt/tXZJds=",
      "System.Security.Cryptography.X509Certificates.wasm": "sha256-scB6K/HWXl+8h+pQ9G1+aUPCrt6axyscZ+6ho56Y61s=",
      "System.Security.Cryptography.wasm": "sha256-8nVBbkrELVsoSCG69AZOprR72ihAqg9Jiwfdwnm13uI=",
      "System.Security.Principal.Windows.wasm": "sha256-5nFH5d1GWQNp3IQFzMlm6UVhv24QEsnIhgY3JsMay+c=",
      "System.Security.Principal.wasm": "sha256-XSFi+s9uFBeMi8HgDpU5kMe3QfvCdUGWl0213o7iaW0=",
      "System.Security.SecureString.wasm": "sha256-HSqm2wQmvvS35/ygBU81HfpFbf0wVVPkXTl+A3NBQRM=",
      "System.Security.wasm": "sha256-gOBlbs9qcVfj5V6PMH1VNdbPdkMTJJYk5N3+7ho04ns=",
      "System.ServiceModel.Web.wasm": "sha256-hwnXDz8iWuZwd1IzvK2UamG2/P+KpQDKY2BwV0pr+SE=",
      "System.ServiceProcess.wasm": "sha256-bB6unZGFwzVQRrPm/uTQtqEaajVT9WdR2Cnu2knlZLQ=",
      "System.Text.Encoding.CodePages.wasm": "sha256-iE458fuASiW0VojKaNHmn95J4bp1c8G1O+g/7HnDMsc=",
      "System.Text.Encoding.Extensions.wasm": "sha256-sssU710iK3vRmDkezSZ1sxE4vu+sbtxdiUl4oxoh0OM=",
      "System.Text.Encoding.wasm": "sha256-Ss0Gn2AQcEVghRLvukjRBXyyaYHKJgaBF4vWCVTyz7s=",
      "System.Text.Encodings.Web.wasm": "sha256-S3pxcZby2FUtkRG/8LGZnYodi4R9QA/tlkqidiO8O3c=",
      "System.Text.Json.wasm": "sha256-DNkKt6EYON1C1GirMSxfnCgryAzJTRIJ8GbgjIfphqo=",
      "System.Text.RegularExpressions.wasm": "sha256-EatYJ0qJvZ8r9UMxtzshhwlArDOSqwtPOmoC6TJve6Y=",
      "System.Threading.Channels.wasm": "sha256-oD9MFTNtI2I6OvBsIs8NzD1dLaWnPQiv67SENEksFcM=",
      "System.Threading.Overlapped.wasm": "sha256-o+67QUybAzKINxzE1mGmplFNGnDJfxbDopIMzHf1tTY=",
      "System.Threading.Tasks.Dataflow.wasm": "sha256-Bc4YrPxFecmzK8PlAm2pAHfQm/jfx18dPSCplfW7tfc=",
      "System.Threading.Tasks.Extensions.wasm": "sha256-acp5k4P77m+I3b3WgRXpAJX2bFY8nXy5G4WE1ivbeDY=",
      "System.Threading.Tasks.Parallel.wasm": "sha256-cZlg9QOBGwh95wInY5w8ofoUEIjln3OUBkB7al4o74A=",
      "System.Threading.Tasks.wasm": "sha256-ji6sMEsKVJH/QDlTbLfTyUkI95voYprp0pQH5aOPoz4=",
      "System.Threading.Thread.wasm": "sha256-xBbXE37IL6Ot/26S+ALSzRKLx+xIbOYKEs1v+sxeGqw=",
      "System.Threading.ThreadPool.wasm": "sha256-FAR+Bo7BQYpIwy3LRQ4Ck4D3WQQIiqBjOJE6rNBUzFA=",
      "System.Threading.Timer.wasm": "sha256-3FW6cO1s3wcHLmmR3sjFD0FJW5Ev1B1f1do18DPXPfs=",
      "System.Threading.wasm": "sha256-Lc3D4B4blrxOYuulFHAqdNjZ4Dx1UENT5OdPIb738zQ=",
      "System.Transactions.Local.wasm": "sha256-P5f5CjQkYOEGj9jo1V7oBq1Mou2WGGyllx9zs+1B6XA=",
      "System.Transactions.wasm": "sha256-bKqvxP/Fj/dre7XWDCuFrbaxtPtD76WLo0O9oyxTs4Y=",
      "System.ValueTuple.wasm": "sha256-zYUXM3YrYs5IKa9qDDEeIzjN2m4w+QpyvqlGnLtWHk4=",
      "System.Web.HttpUtility.wasm": "sha256-aZST7mTs7xa08XaaUu4mnR4E3/z40dMYjyYXW0UJX0Q=",
      "System.Web.wasm": "sha256-tDjKlnwrh4N6koq3ZVpB7EGaPrZaoFQ5tVaVaDC4fjA=",
      "System.Windows.wasm": "sha256-69npe9r0ugNVwW+yJMwzatfefQISlZ39QCc9sHAPwtk=",
      "System.Xml.Linq.wasm": "sha256-pEHWjyqg5VB8/Lpaci/ukWfwkB501CtHEiYZVkJ3gQc=",
      "System.Xml.ReaderWriter.wasm": "sha256-ndWhWaBqmo+cqkre3EJJ9PVKXe3suRDr3DmCUCbZZ/w=",
      "System.Xml.Serialization.wasm": "sha256-heThtJRgTBqeMhJSdJdkcOvoogQfB69m295pbykA9lE=",
      "System.Xml.XDocument.wasm": "sha256-BgNSy34liy2u3pST0iIIS1DbMFWDbAv3vjnC9oUSs/E=",
      "System.Xml.XPath.XDocument.wasm": "sha256-y1YTEgXn3WsbQhzjmU3CcHSgoBoRh+KmCrKprXEiEl4=",
      "System.Xml.XPath.wasm": "sha256-1iQbz6/fKJwhAtljX2vPQPZnrH2tSRZVM9KVdtbKm2c=",
      "System.Xml.XmlDocument.wasm": "sha256-YzpdzpNB0z9dbNr72iCYze3lyox4CUld9cxMKgAIjdk=",
      "System.Xml.XmlSerializer.wasm": "sha256-+Zt7F91Oy6d/oRGOseIp3mF4NxMGrIb384Fp8ruAUS0=",
      "System.Xml.wasm": "sha256-lfJXbIJ8mnfssTBKuUX/EvsAwOdMtGYv++zceG0Hduk=",
      "System.wasm": "sha256-irEHEi8y1IeMfr8MaRQWCef32njlEl/W3AAVOUdHZXE=",
      "WindowsBase.wasm": "sha256-FacUCEIJYTnbOWgX/R9QP2QnurqRZwRIkDAH0N9z69s=",
      "mscorlib.wasm": "sha256-QvztpxTOEw4aMIl7zP3QtsPLNv/IWaK5wq22J4ReGrA=",
      "netstandard.wasm": "sha256-WVQsxULiAiEbyXLKolS7txnWVT82SsvsuMe4jJ+SqqI=",
      "ChromeExtensionGetWhatsAppGroupMembers.wasm": "sha256-B9RLrfq3R6ARhUA/eDmxmpp3T+Ddj2g/gP7rjRHHblc="
    },
    "pdb": {
      "ChromeExtensionGetWhatsAppGroupMembers.pdb": "sha256-xmvkxwxyLn0RP7dqoJZPLBiw2of3vZutzyW/0OO8y2A="
    },
    "libraryInitializers": {
      "content/JsBind.Net/JsBind.Net.lib.module.js": "sha256-L3u8ZS5dkFKeD+PuFqlMjtoiV5pRphoBKmCKqG/damc=",
      "content/Blazor.BrowserExtension/Blazor.BrowserExtension.lib.module.js": "sha256-vzZAZ+JQnMvIplGqBykhnHpagdrV/jZLisjvS+kQXbM="
    },
    "modulesAfterConfigLoaded": {
      "../content/JsBind.Net/JsBind.Net.lib.module.js": "sha256-L3u8ZS5dkFKeD+PuFqlMjtoiV5pRphoBKmCKqG/damc=",
      "../content/Blazor.BrowserExtension/Blazor.BrowserExtension.lib.module.js": "sha256-vzZAZ+JQnMvIplGqBykhnHpagdrV/jZLisjvS+kQXbM="
    }
  },
  "debugLevel": -1,
  "globalizationMode": "sharded",
  "extensions": {
    "blazor": {}
  }
}